{"cameraMode":{"drawMode":0,"name":"Shaded","section":"Shading Mode"},"sceneLighting":false,"audioPlay":false,"sceneViewState":{"showFog":true,"showMaterialUpdate":false,"showSkybox":false,"showFlares":true,"showImageEffects":true,"showParticleSystems":true},"in2DMode":false,"pivot":{"x":0.0,"y":1.5792135000228882,"z":0.0000021457672119140627},"rotation":{"x":-0.2220909744501114,"y":0.2341012805700302,"z":-0.06959317624568939,"w":-0.9545472860336304},"size":11.98082160949707,"orthographic":false}