{"cameraMode":{"drawMode":0,"name":"Shaded","section":"Shading Mode"},"sceneLighting":false,"audioPlay":false,"sceneViewState":{"showFog":true,"showMaterialUpdate":false,"showSkybox":false,"showFlares":true,"showImageEffects":true,"showParticleSystems":true},"in2DMode":false,"pivot":{"x":0.00000476837158203125,"y":4.5189971923828129,"z":-9.5367431640625e-7},"rotation":{"x":0.2921202480792999,"y":-0.2752498984336853,"z":0.08771910518407822,"w":0.9118763208389282},"size":27.819210052490236,"orthographic":false}