{"cameraMode":{"drawMode":0,"name":"Shaded","section":"Shading Mode"},"sceneLighting":false,"audioPlay":false,"sceneViewState":{"showFog":true,"showMaterialUpdate":false,"showSkybox":false,"showFlares":true,"showImageEffects":true,"showParticleSystems":true},"in2DMode":false,"pivot":{"x":0.0,"y":4.085092544555664,"z":-4.76837158203125e-7},"rotation":{"x":-0.0029805470257997514,"y":0.9585402011871338,"z":-0.2848893404006958,"w":-0.009770680218935013},"size":18.61064910888672,"orthographic":false}