{"cameraMode":{"drawMode":0,"name":"Shaded","section":"Shading Mode"},"sceneLighting":false,"audioPlay":false,"sceneViewState":{"showFog":true,"showMaterialUpdate":false,"showSkybox":false,"showFlares":true,"showImageEffects":true,"showParticleSystems":true},"in2DMode":false,"pivot":{"x":-2.0739998817443849,"y":0.939000129699707,"z":1.0989999771118165},"rotation":{"x":-0.05465729162096977,"y":-0.9450909495353699,"z":0.23435558378696443,"w":-0.22166916728019715},"size":5.2549147605896,"orthographic":false}