{"cameraMode":{"drawMode":0,"name":"Shaded","section":"Shading Mode"},"sceneLighting":false,"audioPlay":false,"sceneViewState":{"showFog":true,"showMaterialUpdate":false,"showSkybox":false,"showFlares":true,"showImageEffects":true,"showParticleSystems":true},"in2DMode":false,"pivot":{"x":0.001775294542312622,"y":0.004055418074131012,"z":-0.010900072753429413},"rotation":{"x":-0.057743631303310397,"y":0.7560802102088928,"z":-0.06732906401157379,"w":-0.6485217809677124},"size":0.2203846573829651,"orthographic":false}