{"cameraMode":{"drawMode":0,"name":"Shaded","section":"Shading Mode"},"sceneLighting":false,"audioPlay":false,"sceneViewState":{"showFog":true,"showMaterialUpdate":false,"showSkybox":false,"showFlares":true,"showImageEffects":true,"showParticleSystems":true},"in2DMode":false,"pivot":{"x":1261.019775390625,"y":20.357078552246095,"z":627.9242553710938},"rotation":{"x":-0.10583046823740006,"y":-0.6345841288566589,"z":0.08836719393730164,"w":-0.7604830265045166},"size":394.854736328125,"orthographic":false}