{"cameraMode":{"drawMode":0,"name":"Shaded","section":"Shading Mode"},"sceneLighting":true,"audioPlay":false,"sceneViewState":{"showFog":true,"showMaterialUpdate":false,"showSkybox":false,"showFlares":true,"showImageEffects":true,"showParticleSystems":true},"in2DMode":false,"pivot":{"x":-8.999994277954102,"y":2.1515307426452638,"z":-1.2753584384918213},"rotation":{"x":-0.00536425830796361,"y":-0.9616537094116211,"z":0.2742456793785095,"w":-0.017879236489534379},"size":8.360913276672364,"orthographic":false}