{"cameraMode":{"drawMode":0,"name":"Shaded","section":"Shading Mode"},"sceneLighting":false,"audioPlay":false,"sceneViewState":{"showFog":true,"showMaterialUpdate":false,"showSkybox":false,"showFlares":true,"showImageEffects":true,"showParticleSystems":true},"in2DMode":false,"pivot":{"x":0.41966965794563296,"y":0.5546202063560486,"z":0.40946274995803835},"rotation":{"x":0.17238709330558778,"y":0.25309014320373537,"z":-0.046104736626148227,"w":0.9509025812149048},"size":2.6026690006256105,"orthographic":false}