{"cameraMode":{"drawMode":0,"name":"Shaded","section":"Shading Mode"},"sceneLighting":true,"audioPlay":false,"sceneViewState":{"showFog":true,"showMaterialUpdate":false,"showSkybox":true,"showFlares":true,"showImageEffects":true,"showParticleSystems":true},"in2DMode":false,"pivot":{"x":635.0599365234375,"y":56.19181823730469,"z":327.3656005859375},"rotation":{"x":0.08280698210000992,"y":0.9318704009056091,"z":-0.28188279271125796,"w":0.25555792450904848},"size":2.7670276165008547,"orthographic":false}