{"cameraMode":{"drawMode":0,"name":"Shaded","section":"Shading Mode"},"sceneLighting":false,"audioPlay":false,"sceneViewState":{"showFog":true,"showMaterialUpdate":false,"showSkybox":false,"showFlares":true,"showImageEffects":true,"showParticleSystems":true},"in2DMode":false,"pivot":{"x":-1.7881393432617188e-7,"y":0.8374021053314209,"z":-0.0000024437904357910158},"rotation":{"x":-0.2220909744501114,"y":0.2341012805700302,"z":-0.06959317624568939,"w":-0.9545472860336304},"size":3.538088798522949,"orthographic":false}