{"cameraMode":{"drawMode":0,"name":"Shaded","section":"Shading Mode"},"sceneLighting":true,"audioPlay":false,"sceneViewState":{"showFog":true,"showMaterialUpdate":false,"showSkybox":false,"showFlares":true,"showImageEffects":true,"showParticleSystems":true},"in2DMode":false,"pivot":{"x":-5.21540641784668e-8,"y":0.033294469118118289,"z":-3.725290298461914e-9},"rotation":{"x":0.04931643232703209,"y":0.7903624176979065,"z":-0.06267645210027695,"w":0.6078202128410339},"size":1.3659218549728394,"orthographic":false}