{"cameraMode":{"drawMode":0,"name":"Shaded","section":"Shading Mode"},"sceneLighting":false,"audioPlay":false,"sceneViewState":{"showFog":true,"showMaterialUpdate":false,"showSkybox":false,"showFlares":true,"showImageEffects":true,"showParticleSystems":true},"in2DMode":false,"pivot":{"x":-10.510401725769043,"y":25.18946647644043,"z":-1.066908359527588},"rotation":{"x":0.11296691745519638,"y":0.6426708102226257,"z":-0.09605580568313599,"w":0.7518396377563477},"size":108.95926666259766,"orthographic":false}