{"cameraMode":{"drawMode":0,"name":"Shaded","section":"Shading Mode"},"sceneLighting":false,"audioPlay":false,"sceneViewState":{"showFog":true,"showMaterialUpdate":false,"showSkybox":false,"showFlares":true,"showImageEffects":true,"showParticleSystems":true},"in2DMode":false,"pivot":{"x":5.984033584594727,"y":0.38760805130004885,"z":7.873381614685059},"rotation":{"x":-0.29726076126098635,"y":-0.609869122505188,"z":0.2649494409561157,"w":-0.6853751540184021},"size":1.7995904684066773,"orthographic":false}