{"cameraMode":{"drawMode":0,"name":"Shaded","section":"Shading Mode"},"sceneLighting":false,"audioPlay":false,"sceneViewState":{"showFog":true,"showMaterialUpdate":false,"showSkybox":false,"showFlares":true,"showImageEffects":true,"showParticleSystems":true},"in2DMode":false,"pivot":{"x":1.5515960454940797,"y":7.41557502746582,"z":-25.258440017700197},"rotation":{"x":0.0007700933492742479,"y":0.9975934028625488,"z":-0.004769705235958099,"w":0.07240784913301468},"size":17.25713348388672,"orthographic":false}