{"cameraMode":{"drawMode":0,"name":"Shaded","section":"Shading Mode"},"sceneLighting":false,"audioPlay":false,"sceneViewState":{"showFog":true,"showMaterialUpdate":false,"showSkybox":false,"showFlares":true,"showImageEffects":true,"showParticleSystems":true},"in2DMode":false,"pivot":{"x":0.0000011920928955078126,"y":8.324045181274414,"z":-0.0000019073486328125},"rotation":{"x":0.006544384174048901,"y":0.9669817090034485,"z":-0.25361761450767519,"w":0.02494603954255581},"size":34.030025482177737,"orthographic":false}